City_ID,City,Lat,Lng,Max Temp,Humidity,Cloudiness,Wind Speed,Country,Date
0,talnakh,69.4865,88.3972,-20.07,100,100,6.31,RU,1680114791
1,lagoa,39.05,-27.9833,60.28,77,100,26.24,PT,1680114925
2,east london,-33.0153,27.9116,63.54,63,0,8.05,ZA,1680114926
3,cabo san lucas,22.8909,-109.9124,82.62,49,75,8.05,MX,1680114926
4,mopipi,-21.1833,24.8833,76.91,52,25,2.98,BW,1680114926
5,bathsheba,13.2167,-59.5167,86.61,51,20,19.57,BB,1680114927
6,fort nelson,58.8053,-122.7002,30.94,82,100,11.5,CA,1680114927
7,aklavik,68.2191,-135.0107,9.43,84,6,13.06,CA,1680114927
8,tuatapere,-46.1333,167.6833,34.59,92,36,4.52,NZ,1680114927
9,khatanga,71.9667,102.5,-24.09,100,99,1.81,RU,1680114928
10,busselton,-33.65,115.3333,60.89,68,91,14.12,AU,1680114928
11,severo-kurilsk,50.6789,156.125,30.04,63,5,6.2,RU,1680114928
12,tulum,20.2167,-87.4667,85.3,48,60,8.34,MX,1680114929
13,clyde river,70.4692,-68.5914,-1.97,84,75,0.0,CA,1680114690
14,jalu,29.0331,21.5482,62.38,27,0,9.42,LY,1680114929
15,bratsk,56.1325,101.6142,45.09,91,90,6.02,RU,1680114929
16,ikeda,34.8221,135.4298,50.41,48,5,5.75,JP,1680114930
17,ushuaia,-54.8,-68.3,40.66,65,40,20.71,AR,1680114930
18,kuybyshevo,47.8123,38.9073,37.85,96,100,13.31,RU,1680114930
19,hofn,64.2539,-15.2082,39.22,81,100,19.57,IS,1680114930
20,caravelas,-17.7125,-39.2481,82.74,55,0,8.41,BR,1680114930
21,mataura,-46.1927,168.8643,41.49,86,8,3.6,NZ,1680114930
22,bluff,-46.6,168.3333,41.81,74,9,14.43,NZ,1680114931
23,new norfolk,-42.7826,147.0587,54.91,78,100,3.0,AU,1680114931
24,alakurtti,66.9672,30.3491,25.21,98,100,1.57,RU,1680114931
25,narsaq,60.9167,-46.05,35.82,69,13,0.58,GL,1680114931
26,yartsevo,55.0667,32.6964,30.25,96,100,9.4,RU,1680114931
27,catazaja,17.725,-92.0167,88.65,47,0,9.33,MX,1680114932
28,bat khela,34.6167,71.9714,61.07,66,100,4.36,PK,1680114932
29,bengkulu,-3.8004,102.2655,76.01,87,100,4.94,ID,1680114932
30,rikitea,-23.1203,-134.9692,79.61,72,97,5.79,PF,1680114932
31,hermanus,-34.4187,19.2345,55.8,75,78,2.53,ZA,1680114932
32,micheweni,-4.9667,39.8333,80.94,80,100,7.2,TZ,1680114933
33,belyy yar,53.6039,91.3903,39.85,70,0,2.24,RU,1680114933
34,uglegorsk,49.0833,142.0333,33.48,87,21,15.03,RU,1680114933
35,pevek,69.7008,170.3133,0.93,98,100,4.72,RU,1680114933
36,kodiak,57.79,-152.4072,36.91,75,100,3.44,US,1680114934
37,souillac,-20.5167,57.5167,80.98,78,40,8.05,MU,1680114934
38,puerto ayora,-0.7393,-90.3518,87.76,85,88,5.01,EC,1680114667
39,norman wells,65.282,-126.8329,14.04,73,75,12.66,CA,1680114934
40,dikson,73.5069,80.5464,-8.61,100,97,5.57,RU,1680114934
41,punta arenas,-53.15,-70.9167,44.62,52,40,6.91,CL,1680114934
42,castro,-24.7911,-50.0119,78.98,60,50,5.32,BR,1680114934
43,kununurra,-15.7667,128.7333,73.38,88,45,0.0,AU,1680114935
44,poum,-20.2333,164.0167,78.55,77,100,4.05,NC,1680114935
45,kharan,28.5833,65.4167,65.98,52,11,6.98,PK,1680114935
46,yellowknife,62.456,-114.3525,16.32,62,75,5.75,CA,1680114935
47,albany,42.6001,-73.9662,54.18,34,92,3.0,US,1680114932
48,cape town,-33.9258,18.4232,61.92,75,20,10.36,ZA,1680114670
49,timberlake,37.3207,-79.2575,58.95,34,0,0.0,US,1680114935
50,healesville,-37.65,145.5167,56.23,99,86,3.02,AU,1680114935
51,bonavista,48.6499,-53.1147,30.45,95,99,16.42,CA,1680114935
52,mersing,2.4312,103.8405,82.31,78,20,8.05,MY,1680114935
53,qaanaaq,77.484,-69.3632,-7.38,70,91,5.28,GL,1680114935
54,hithadhoo,-0.6,73.0833,82.85,75,9,6.26,MV,1680114935
55,bethel,41.3712,-73.414,56.17,32,0,3.0,US,1680114935
56,vaini,-21.2,-175.2,71.76,94,20,0.0,TO,1680114935
57,salina,38.8403,-97.6114,62.31,31,0,14.97,US,1680114808
58,gat,31.61,34.7642,59.68,100,74,14.18,IL,1680114936
59,tiksi,71.6872,128.8694,-21.28,100,92,6.78,RU,1680114936
60,yen bai,21.7,104.8667,70.57,85,95,1.63,VN,1680114936
61,itarema,-2.9248,-39.9167,82.35,74,20,10.45,BR,1680114936
62,hasaki,35.7333,140.8333,52.29,79,100,7.99,JP,1680114936
63,lorengau,-2.0226,147.2712,79.83,78,87,2.37,PG,1680114936
64,bubaque,11.2833,-15.8333,77.92,68,38,13.38,GW,1680114936
65,gayeri,12.6497,0.4931,92.93,9,81,9.44,BF,1680114936
66,bredasdorp,-34.5322,20.0403,59.31,70,84,6.22,ZA,1680114936
67,kahului,20.8947,-156.47,78.84,78,40,7.0,US,1680114936
68,airai,-8.9266,125.4092,59.14,85,100,1.48,TL,1680114937
69,kupang,-10.1667,123.5833,77.25,85,98,5.44,ID,1680114937
70,srednekolymsk,67.45,153.6833,-10.14,99,98,5.39,RU,1680114937
71,kapaa,22.0752,-159.319,75.52,91,75,11.5,US,1680114937
72,pisco,-13.7,-76.2167,80.65,65,0,11.5,PE,1680114937
73,dongsheng,39.8161,109.9776,45.75,20,5,6.6,CN,1680114937
74,cherskiy,68.75,161.3,-21.44,100,99,2.39,RU,1680114937
75,bodden town,19.2833,-81.25,84.2,65,40,6.91,KY,1680114937
76,muswellbrook,-32.2667,150.9,60.33,81,0,4.27,AU,1680114937
77,vardo,70.3705,31.1107,30.18,93,100,34.52,NO,1680114937
78,tasiilaq,65.6145,-37.6368,21.36,71,4,2.37,GL,1680114937
79,sangar,63.9242,127.4739,-7.51,100,99,2.59,RU,1680114938
80,tortoli,39.9256,9.6572,57.02,72,0,11.5,IT,1680114938
81,saint-augustin,51.226,-58.6502,35.28,69,100,6.44,CA,1680114938
82,hastings,50.8552,0.5729,57.79,30,79,20.36,GB,1680114862
83,port alfred,-33.5906,26.891,61.18,70,100,5.01,ZA,1680114938
84,san patricio,28.017,-97.5169,69.85,65,100,11.12,US,1680114938
85,atuona,-9.8,-139.0333,80.89,75,11,15.59,PF,1680114938
86,port hawkesbury,45.6169,-61.3485,38.79,88,100,10.36,CA,1680114938
87,georgetown,5.4112,100.3354,78.73,94,20,1.14,MY,1680114921
88,barrow,71.2906,-156.7887,3.22,85,75,11.5,US,1680114938
89,chokurdakh,70.6333,147.9167,-26.82,100,100,6.15,RU,1680114938
90,codrington,-38.2667,141.9667,54.48,83,82,7.9,AU,1680114938
91,cockburn town,21.4612,-71.1419,80.56,65,40,11.5,TC,1680114938
92,grindavik,63.8424,-22.4338,44.55,75,75,21.85,IS,1680114939
93,plaridel,14.8872,120.8572,80.58,80,100,3.33,PH,1680114939
94,staryy nadym,65.6118,72.6842,1.98,95,86,17.0,RU,1680114939
95,jamestown,42.097,-79.2353,49.01,42,75,21.99,US,1680114939
96,salalah,17.0151,54.0924,82.49,65,40,3.44,OM,1680114939
97,avarua,-21.2078,-159.775,78.85,83,100,3.44,CK,1680114939
98,taoudenni,22.6783,-3.9836,92.79,7,2,13.67,ML,1680114939
99,esperance,-33.8667,121.9,59.74,84,100,9.31,AU,1680114940
100,general roca,-39.0333,-67.5833,64.72,19,0,0.92,AR,1680114940
101,vanimo,-2.6741,141.3028,77.2,85,100,1.43,PG,1680114940
102,berdigestyakh,62.0989,126.6992,-4.02,100,93,2.73,RU,1680114787
103,grand-santi,4.25,-54.3833,80.96,84,32,4.36,GF,1680114940
104,paragominas,-2.9667,-47.4833,81.93,70,100,2.35,BR,1680114940
105,bobicesti,44.3833,24.15,42.58,44,8,5.19,RO,1680114940
106,comodoro rivadavia,-45.8667,-67.5,57.06,26,75,25.32,AR,1680114940
107,constitucion,-35.3333,-72.4167,65.86,51,4,18.7,CL,1680114724
108,muros,42.7762,-9.0603,63.09,81,81,16.75,ES,1680114940
109,hohhot,40.8106,111.6522,52.92,32,0,2.24,CN,1680114940
110,francheville,45.7388,4.7722,66.63,39,0,6.91,FR,1680114941
111,butaritari,3.0707,172.7902,81.01,82,98,14.94,KI,1680114941
112,zyuzelskiy,56.4856,60.1331,24.64,88,5,3.31,RU,1680114941
113,saskylakh,71.9167,114.0833,-18.22,100,97,3.85,RU,1680114942
114,lillooet,50.6856,-121.942,42.6,77,100,2.01,CA,1680114942
115,noumea,-22.2763,166.4572,78.01,99,100,7.09,NC,1680114942
116,vila franca do campo,37.7167,-25.4333,61.21,82,96,12.8,PT,1680114942
117,harper,4.375,-7.7169,80.98,83,7,8.93,LR,1680114943
118,hobart,-42.8794,147.3294,55.26,78,100,16.11,AU,1680114747
119,fleetwood,53.9253,-3.0109,57.31,87,40,1.14,GB,1680114888
120,ivanava,52.1451,25.5365,29.71,72,3,6.24,BY,1680114943
121,hilo,19.7297,-155.09,77.29,93,75,6.91,US,1680114695
122,zeya,53.75,127.2667,19.51,86,100,7.49,RU,1680114785
123,nanortalik,60.1432,-45.2371,28.65,82,89,6.17,GL,1680114943
124,grand gaube,-20.0064,57.6608,81.0,74,78,3.0,MU,1680114943
125,umm lajj,25.0213,37.2685,75.36,60,100,7.36,SA,1680114943
126,saint-philippe,-21.3585,55.7679,80.19,81,63,9.95,RE,1680114944
127,masyaf,35.0653,36.3406,47.79,68,36,35.43,SY,1680114944
128,mogocha,53.7333,119.7667,9.48,94,19,2.98,RU,1680114910
129,lavrentiya,65.5833,-171.0,18.93,95,100,12.21,RU,1680114945
130,newport,51.5877,-2.9984,54.45,94,100,4.81,GB,1680114945
131,kozluk,38.1938,41.4885,52.05,82,100,7.0,TR,1680114946
132,malartic,48.1335,-78.1328,28.51,89,100,9.75,CA,1680114946
133,praia,14.9215,-23.5087,90.14,29,0,16.11,CV,1680114946
134,maniitsoq,65.4167,-52.9,20.7,69,12,5.55,GL,1680114947
135,izumo,35.3667,132.7667,40.95,60,2,4.27,JP,1680114795
136,cap malheureux,-19.9842,57.6142,79.47,74,67,3.0,MU,1680114947
137,port lincoln,-34.7333,135.8667,58.42,82,14,4.97,AU,1680114947
138,lisakovsk,52.5369,62.4936,29.5,85,100,16.42,KZ,1680114948
139,elat,29.5581,34.9482,71.44,43,0,18.41,IL,1680114746
140,padang,-0.9492,100.3543,77.05,88,87,1.5,ID,1680114948
141,solnechnogorsk,56.1833,36.9833,44.44,95,100,9.64,RU,1680114652
142,murakami,38.2333,139.4833,38.62,57,0,3.78,JP,1680114948
143,tuktoyaktuk,69.4541,-133.0374,-5.8,77,0,8.05,CA,1680114949
144,arraial do cabo,-22.9661,-42.0278,85.96,61,0,20.71,BR,1680114949
145,harlingen,26.1906,-97.6961,67.91,85,100,11.5,US,1680114615
146,strezhevoy,60.7333,77.5889,9.9,94,79,6.55,RU,1680114949
147,redlands,34.0556,-117.1825,52.2,88,100,8.05,US,1680114949
148,astoria,46.1879,-123.8313,49.86,95,100,3.44,US,1680114949
149,moramanga,-18.9333,48.2,65.44,99,100,1.97,MG,1680114950
150,tabou,4.423,-7.3528,81.27,83,13,9.86,CI,1680114950
151,rawson,-43.3002,-65.1023,61.09,18,0,23.02,AR,1680114655
152,whyalla,-33.0333,137.5833,61.88,70,48,7.85,AU,1680114950
153,sao joao da barra,-21.6403,-41.0511,86.09,73,100,9.46,BR,1680114950
154,jiuquan,39.7432,98.5174,47.08,24,100,4.21,CN,1680114951
155,san roque,36.2107,-5.3842,61.63,77,0,8.05,ES,1680114951
156,daru,-9.0763,143.2092,78.04,87,53,5.48,PG,1680114952
157,isangel,-19.55,169.2667,75.31,94,20,2.3,VU,1680114952
158,garchitorena,13.8804,123.6946,76.64,89,100,4.16,PH,1680114952
159,portland,45.5234,-122.6762,55.47,81,75,4.61,US,1680114812
160,puksoozero,62.5903,40.6066,33.44,89,100,11.43,RU,1680114953
161,iquitos,-3.7481,-73.2472,87.84,74,40,4.61,PE,1680114953
162,vao,-22.6667,167.4833,76.24,78,95,9.8,NC,1680114953
163,geraldton,-28.7667,114.6,73.81,78,33,21.85,AU,1680114953
164,manaure,11.7751,-72.4445,87.64,49,30,20.49,CO,1680114953
165,kharod,21.75,82.5667,87.67,25,77,3.58,IN,1680114953
166,new iberia,30.0035,-91.8187,64.4,45,100,9.22,US,1680114953
167,staphorst,52.645,6.2111,54.21,93,100,11.68,NL,1680114953
168,port elizabeth,-33.918,25.5701,61.09,77,0,19.57,ZA,1680114862
169,katsuura,35.1333,140.3,53.2,84,47,5.86,JP,1680114953
170,wewak,-3.5534,143.6268,78.98,83,99,3.8,PG,1680114954
171,marawi,7.9986,124.2928,67.68,96,90,0.96,PH,1680114954
172,pareora,-44.4871,171.2132,46.18,80,84,7.07,NZ,1680114954
173,hambantota,6.1241,81.1185,79.14,94,40,3.44,LK,1680114954
174,gazojak,41.1875,61.4036,69.84,33,4,6.82,TM,1680114954
175,youghal,51.95,-7.8506,52.81,100,88,16.11,IE,1680114954
176,slave lake,55.2834,-114.769,30.18,55,100,2.3,CA,1680114954
177,tual,-5.6667,132.75,80.58,78,100,11.63,ID,1680114954
178,bemidji,47.4736,-94.8803,22.91,42,0,11.5,US,1680114954
179,nanakuli,21.3906,-158.1547,78.75,76,20,14.97,US,1680114954
180,andros town,24.7,-77.7667,84.16,62,21,12.82,BS,1680114955
181,tonosho,34.4833,134.1833,46.83,62,69,2.19,JP,1680114955
182,kaiyuan,23.6977,103.3037,59.05,85,1,6.15,CN,1680114955
183,pszow,50.0399,18.3947,43.16,59,56,12.3,PL,1680114955
184,torbay,47.6666,-52.7314,36.39,87,100,18.41,CA,1680114952
185,peleduy,59.6289,112.7406,31.59,96,100,13.35,RU,1680114956
186,komsomolskiy,40.4272,71.7189,61.52,48,100,6.91,UZ,1680114956
187,ancona,43.55,13.1667,57.4,56,37,4.61,IT,1680114956
188,cap-aux-meules,47.3821,-61.8597,33.82,100,75,8.05,CA,1680114956
189,acapulco,16.8634,-99.8901,86.85,49,84,8.61,MX,1680114786
190,deputatskiy,69.3,139.9,-21.46,98,100,1.95,RU,1680114956
191,beloha,-25.1667,45.05,70.59,77,0,12.01,MG,1680114956
192,zhaoqing,23.0512,112.4597,61.83,96,100,1.92,CN,1680114957
193,vostok,46.4856,135.8833,31.14,78,97,6.04,RU,1680114957
194,palembang,-2.9167,104.7458,75.29,100,60,2.3,ID,1680114957
195,solano,38.2333,-121.9511,51.3,92,100,10.36,US,1680114957
196,kaitangata,-46.2817,169.8464,43.7,73,91,6.02,NZ,1680114957
197,kavaratti,10.5669,72.642,81.39,71,43,9.57,IN,1680114957
198,westport,41.1415,-73.3579,56.28,35,0,12.66,US,1680114957
199,half moon bay,37.4636,-122.4286,52.34,88,40,11.5,US,1680114958
200,sambava,-14.2667,50.1667,78.75,83,71,6.69,MG,1680114958
201,beitbridge,-22.2167,30.0,78.71,37,5,9.37,ZW,1680114958
202,provideniya,64.3833,-173.3,20.21,91,100,15.82,RU,1680114958
203,mar del plata,-38.0023,-57.5575,66.94,53,40,14.97,AR,1680114958
204,avera,33.194,-82.5271,63.37,34,100,6.11,US,1680114958
205,usakos,-22.0,15.6,71.64,35,5,7.25,NA,1680114958
206,coquimbo,-29.9533,-71.3436,67.73,72,40,14.97,CL,1680114755
207,tura,25.5198,90.2201,67.95,75,10,5.23,IN,1680114958
208,longyearbyen,78.2186,15.6401,8.44,78,20,4.61,SJ,1680114958
209,patacamaya,-17.2333,-67.9167,54.41,57,99,3.29,BO,1680114959
210,nyrob,60.733,56.7202,16.59,93,55,3.09,RU,1680114795
211,lethem,3.3803,-59.7968,93.25,52,40,13.8,GY,1680114959
212,lebu,-37.6167,-73.65,57.34,58,16,17.07,CL,1680114959
213,buarcos,40.166,-8.8768,66.67,85,39,10.69,PT,1680114959
214,ambilobe,-13.2,49.05,74.57,95,83,3.27,MG,1680114959
215,nikel,69.4128,30.222,24.98,93,100,21.63,RU,1680114960
216,isiolo,0.3546,37.5822,73.13,67,100,4.29,KE,1680114960
217,rio tercero,-32.173,-64.1141,73.45,51,79,14.7,AR,1680114960
218,itajuba,-22.4256,-45.4528,82.35,90,100,1.3,BR,1680114925
219,nikolskoye,59.7035,30.7861,28.29,90,100,7.72,RU,1680114960
220,oksfjord,70.2396,22.3479,28.58,92,100,6.29,NO,1680114960
221,fernley,39.608,-119.2518,43.66,33,62,3.0,US,1680114961
222,levski,43.3667,25.1333,39.81,43,13,9.44,BG,1680114961
223,ust-nera,64.5667,143.2,9.03,99,99,4.43,RU,1680114961
224,ahipara,-35.1667,173.1667,51.46,74,100,5.44,NZ,1680114961
225,faanui,-16.4833,-151.75,82.58,73,81,8.68,PF,1680114961
226,jumla,29.2747,82.1838,44.1,80,90,2.06,NP,1680114962
227,porto novo,6.4965,2.6036,85.82,78,7,9.4,BJ,1680114907
228,suez,29.9737,32.5263,59.5,50,0,20.51,EG,1680114962
229,igarka,67.4667,86.5833,-16.01,99,22,8.68,RU,1680114962
230,sur,22.5667,59.5289,76.05,45,0,3.62,OM,1680114962
231,sisimiut,66.9395,-53.6735,14.52,72,9,5.77,GL,1680114665
232,seydi,39.4816,62.9137,69.82,32,8,8.01,TM,1680114962
233,luba,3.4568,8.5547,81.43,80,100,8.55,GQ,1680114963
234,touros,-5.1989,-35.4608,83.26,67,6,10.33,BR,1680114963
235,ostrovnoy,68.0531,39.5131,25.72,88,100,24.0,RU,1680114963
236,sao paulo de olivenca,-3.3783,-68.8725,85.3,69,66,3.0,BR,1680114963
237,ndjole,-0.1783,10.7649,73.24,95,100,0.83,GA,1680114963
238,verkhnyaya inta,65.9811,60.3094,7.07,98,84,7.67,RU,1680114963
239,ishigaki,24.3448,124.1572,69.93,100,75,3.44,JP,1680114964
240,klaksvik,62.2266,-6.589,40.12,93,100,39.53,FO,1680114964
241,cayenne,4.9333,-52.3333,82.44,74,100,12.66,GF,1680114964
242,sobolevo,54.4299,31.8996,29.44,95,100,14.83,RU,1680114964
243,namibe,-15.1961,12.1522,75.51,77,99,8.97,AO,1680114964
244,cairns,-16.9167,145.7667,77.07,100,18,0.0,AU,1680114964
245,nome,64.5011,-165.4064,22.15,93,100,23.02,US,1680114965
246,sao filipe,14.8961,-24.4956,78.35,58,100,7.87,CV,1680114965
247,san cristobal,7.7669,-72.225,75.38,53,99,4.61,VE,1680114965
248,bandarbeyla,9.4942,50.8122,81.12,73,65,6.78,SO,1680114965
249,port hedland,-20.3167,118.5667,84.25,84,100,12.66,AU,1680114965
250,fukue,32.6881,128.8419,57.67,62,100,9.42,JP,1680114965
251,lompoc,34.6391,-120.4579,55.81,74,40,10.0,US,1680114689
252,amahai,-3.3333,128.9167,76.96,84,100,3.33,ID,1680114965
253,thompson,55.7435,-97.8558,21.36,38,100,12.66,CA,1680114965
254,ornskoldsvik,63.2909,18.7153,18.55,67,100,3.44,SE,1680114966
255,manicore,-5.8092,-61.3003,87.75,62,20,4.61,BR,1680114966
256,karratha,-20.7377,116.8463,82.27,77,100,16.08,AU,1680114966
257,kailua,21.4022,-157.7394,78.78,87,100,3.44,US,1680114966
258,kipushi,-11.7667,27.2333,62.13,97,99,3.18,CD,1680114967
259,bjornevatn,69.6672,29.9847,28.02,93,100,16.11,NO,1680114969
260,gol,60.7014,8.9457,29.57,97,100,2.66,NO,1680114969
261,hereford,52.0568,-2.7148,54.73,93,100,1.01,GB,1680114969
262,dingle,10.9995,122.6711,75.56,89,99,6.85,PH,1680114969
263,bambous virieux,-20.3428,57.7575,80.85,78,40,8.05,MU,1680114969
264,west wendover,40.7391,-114.0733,54.61,28,100,25.32,US,1680114970
265,lichuan,30.3,108.85,40.66,96,20,2.24,CN,1680114970
266,keti bandar,24.1447,67.4497,77.49,75,56,9.93,PK,1680114970
267,kigorobya,1.6162,31.3089,68.56,80,10,3.0,UG,1680114970
268,carnarvon,-24.8667,113.6333,75.31,76,99,6.76,AU,1680114971
269,shar,49.5886,81.0453,38.14,75,100,6.98,KZ,1680114971
270,ancud,-41.8697,-73.8203,53.71,59,74,10.25,CL,1680114765
271,berlevag,70.8578,29.0864,30.15,93,100,14.97,NO,1680114971
272,san policarpo,12.1791,125.5072,79.29,82,100,5.97,PH,1680114971
273,touho,-20.7833,165.2333,77.31,81,98,9.95,NC,1680114971
274,evensk,61.95,159.2333,-3.87,92,36,6.6,RU,1680114972
275,roald,62.5833,6.1333,35.74,51,0,19.57,NO,1680114972
276,olafsvik,64.8945,-23.7142,33.85,92,100,17.09,IS,1680114972
277,pangody,65.85,74.4859,3.29,95,94,15.12,RU,1680114973
278,laguna,38.421,-121.4238,51.06,81,100,21.85,US,1680114680
279,kavieng,-2.5744,150.7967,81.27,73,77,2.26,PG,1680114973
280,upernavik,72.7868,-56.1549,-11.33,82,15,7.56,GL,1680114973
281,linhares,-19.3911,-40.0722,82.62,64,87,7.2,BR,1680114699
282,dwarka,22.2394,68.9678,76.24,82,5,9.91,IN,1680114973
283,luwuk,-0.9516,122.7875,76.39,86,100,2.95,ID,1680114974
284,hanna,51.6334,-111.9018,25.86,80,26,1.99,CA,1680114974
285,pekan,3.4836,103.3996,77.11,88,8,8.7,MY,1680114974
286,zhigansk,66.7697,123.3711,-16.76,100,21,3.56,RU,1680114974
287,barra patuca,15.8,-84.2833,83.84,50,0,11.45,HN,1680114975
288,mahebourg,-20.4081,57.7,80.89,78,40,8.05,MU,1680114975
289,tekeli,44.83,78.8239,43.81,52,73,9.08,KZ,1680114975
290,victoria,22.2855,114.1577,70.32,89,100,5.99,HK,1680114743
291,pangnirtung,66.1451,-65.7125,5.0,66,20,5.75,CA,1680114975
292,brae,60.3964,-1.353,42.85,92,100,29.26,GB,1680114975
293,vasai,19.47,72.8,78.89,73,0,5.28,IN,1680114976
294,burnie,-41.0667,145.9167,58.44,73,100,13.78,AU,1680114976
295,kholodnyy,62.7167,147.95,-6.99,100,100,1.7,RU,1680114976
296,joura,26.3411,77.8115,79.61,22,23,5.46,IN,1680114977
297,pemangkat,1.1667,108.9667,77.63,88,100,5.61,ID,1680114977
298,husavik,66.0449,-17.3389,35.55,80,100,17.02,IS,1680114977
299,biak,-0.9131,122.8766,75.36,84,100,2.75,ID,1680114977
300,kutum,14.2,24.6667,77.0,14,18,11.36,SD,1680114977
301,tall kayf,37.0833,41.0667,56.59,54,40,18.41,TR,1680114977
302,ilulissat,69.2167,-51.1,12.22,48,0,4.61,GL,1680114977
303,santos dumont,-21.4567,-43.5525,79.77,89,80,3.06,BR,1680114978
304,kulhudhuffushi,6.6221,73.07,83.57,74,80,9.13,MV,1680114978
305,saint-pierre,-21.3393,55.4781,80.28,74,75,11.5,RE,1680114978
306,porto belo,-27.1578,-48.5531,86.79,78,10,11.79,BR,1680114978
307,beira,-19.8436,34.8389,72.3,79,47,6.64,MZ,1680114978
308,abu samrah,35.3029,37.1841,49.55,60,1,24.09,SY,1680114978
309,cilegon,-6.0174,106.0538,79.11,84,100,7.38,ID,1680114978
310,isabela,6.7085,121.9711,75.25,84,100,3.53,PH,1680114978
311,lensk,60.7253,114.9278,23.14,95,100,6.89,RU,1680114979
312,ignacio zaragoza,28.3833,-107.2167,71.89,8,28,14.65,MX,1680114979
313,cabedelo,-6.9811,-34.8339,79.47,73,25,10.45,BR,1680114979
314,komatipoort,-25.4332,31.9548,77.05,74,99,14.41,ZA,1680114979
315,nikolayevka,53.1257,47.2041,43.29,90,100,11.95,RU,1680114979
316,alice springs,-23.7,133.8833,69.35,56,100,11.5,AU,1680114889
317,bonnyville,54.2668,-110.735,31.8,93,100,5.19,CA,1680114979
318,bac lieu,9.285,105.7244,79.25,79,10,7.96,VN,1680114979
319,high level,58.5169,-117.136,30.31,59,40,10.36,CA,1680114979
320,salamanca,40.8333,-6.0,67.78,61,0,8.79,ES,1680114979
321,kamenka,51.3223,42.7678,46.56,76,100,7.07,RU,1680114979
322,dalhousie,32.5333,75.9833,49.77,50,100,7.14,IN,1680114979
323,ambon,-3.6954,128.1814,78.24,15,40,1.14,ID,1680114980
324,palmer,42.1584,-72.3287,55.45,31,20,5.75,US,1680114980
325,hirara,24.8,125.2833,71.46,100,75,9.22,JP,1680114980
326,rio gallegos,-51.6226,-69.2181,46.45,42,75,13.8,AR,1680114980
327,cedar city,37.6775,-113.0619,52.77,28,0,21.85,US,1680114684
328,morondava,-20.2833,44.2833,77.92,72,33,3.36,MG,1680114980
329,sterling,39.0062,-77.4286,61.23,35,40,8.05,US,1680114847
330,pacifica,37.6138,-122.4869,52.2,85,40,13.0,US,1680114980
331,karpathos,35.507,27.2132,51.76,46,20,25.32,GR,1680114980
332,amarante do maranhao,-5.5667,-46.7422,80.31,81,58,3.18,BR,1680114981
333,sulingen,52.6833,8.8,52.02,89,100,6.58,DE,1680114981
334,mozarlandia,-14.7447,-50.5706,87.66,53,17,5.79,BR,1680114981
335,batagay-alyta,67.8006,130.4114,-14.22,91,100,3.42,RU,1680114981
336,asfi,32.2994,-9.2372,66.45,65,5,13.82,MA,1680114981
337,ericeira,38.9627,-9.4156,67.19,76,96,8.7,PT,1680114981
338,wenling,28.3669,121.36,51.78,94,100,9.44,CN,1680114982
339,djibo,14.1022,-1.6306,91.35,8,100,8.41,BF,1680114982
340,juneau,58.3019,-134.4197,38.1,86,75,8.05,US,1680114982
341,letlhakane,-21.4167,25.5833,75.76,47,57,4.88,BW,1680114982
342,quatre cocos,-20.2078,57.7625,80.71,82,100,14.67,MU,1680114982
343,kenitra,34.261,-6.5802,74.16,74,12,6.24,MA,1680114982
344,hobyo,5.3505,48.5268,82.15,72,9,9.91,SO,1680114982
345,zhanaozen,43.3,52.8,57.85,63,0,13.06,KZ,1680114983
346,port blair,11.6667,92.75,82.44,78,40,2.3,IN,1680114983
347,ekibastuz,51.6667,75.3667,38.37,82,100,18.45,KZ,1680114983
348,seoul,37.5683,126.9778,40.6,68,0,3.44,KR,1680114736
349,murray bridge,-35.1167,139.2667,57.13,66,100,5.17,AU,1680114983
350,beringovskiy,63.05,179.3167,19.4,94,100,9.73,RU,1680114983
351,haines junction,60.7522,-137.5108,19.35,63,100,2.3,CA,1680114983
352,ribeira grande,38.5167,-28.7,63.0,82,20,24.0,PT,1680114983
353,pokhara,28.2333,83.9833,65.14,38,99,6.8,NP,1680114983
354,saldanha,-33.0117,17.9442,60.85,77,100,21.14,ZA,1680114984
355,erzin,36.9559,36.2,51.48,73,95,1.92,TR,1680114984
356,malumfashi,11.7853,7.6218,82.44,10,55,6.38,NG,1680114984
357,luderitz,-26.6481,15.1594,63.34,63,0,24.79,NA,1680114984
358,kabare,-2.4683,28.8242,61.29,92,100,0.49,CD,1680114984
359,gimli,50.6336,-96.9907,17.62,45,69,12.66,CA,1680114984
360,lubao,14.9167,120.55,80.31,81,100,1.92,PH,1680114984
361,viedma,-40.8135,-62.9967,59.52,18,0,16.35,AR,1680114985
362,san quintin,30.4833,-115.95,62.73,50,0,12.91,MX,1680114985
363,estelle,29.8458,-90.1067,64.4,52,100,12.66,US,1680114985
364,carlsbad,33.1581,-117.3506,57.34,90,100,12.66,US,1680114222
365,guerrero negro,27.9769,-114.0611,64.96,46,0,15.99,MX,1680114985
366,morgan city,29.6994,-91.2068,66.0,50,95,9.26,US,1680114985
367,corner brook,48.9667,-57.9484,37.56,89,79,6.98,CA,1680114985
368,charters towers,-20.1,146.2667,69.8,94,3,6.35,AU,1680114965
369,aanekoski,62.6946,25.818,23.07,97,20,3.89,FI,1680114730
370,waverly,42.7392,-84.6208,37.18,62,40,20.71,US,1680114985
371,iqaluit,63.7506,-68.5145,2.93,71,100,23.02,CA,1680114986
372,carbondale,37.7273,-89.2168,57.06,47,0,4.61,US,1680114918
373,sao felix do xingu,-6.6447,-51.995,81.48,78,99,5.01,BR,1680114986
374,yulara,-25.2406,130.9889,70.2,42,97,12.95,AU,1680114986
375,makum,27.5,95.45,64.76,83,68,0.2,IN,1680114986
376,qarqin,37.4185,66.0436,70.36,39,100,1.3,AF,1680114986
377,wanning,18.8003,110.3967,74.16,93,73,2.75,CN,1680114986
378,mantua,45.1667,10.7833,60.04,69,98,3.62,IT,1680114986
379,karlstad,59.3793,13.5036,27.16,80,40,3.44,SE,1680114986
380,santa clara,22.4,-79.9667,85.66,45,40,10.36,CU,1680114886
381,katherine,-14.4667,132.2667,75.52,78,91,5.75,AU,1680114987
382,alta floresta,-9.8756,-56.0861,83.44,74,69,4.05,BR,1680114688
383,sawtell,-30.3833,153.1,67.19,94,0,0.0,AU,1680114987
384,lata,40.1629,-8.3327,57.43,72,7,3.89,PT,1680114987
385,aden,12.7794,45.0367,82.06,82,35,12.33,YE,1680114988
386,belle fourche,44.6714,-103.8522,46.51,48,100,13.02,US,1680114988
387,sinazongwe,-17.2614,27.4618,74.19,70,5,4.92,ZM,1680114988
388,saint george,37.1041,-113.5841,63.25,24,0,8.05,US,1680114645
389,chhindwara,22.0667,78.9333,78.98,21,4,6.26,IN,1680114988
390,matara,5.9485,80.5353,78.12,87,91,4.72,LK,1680114988
391,salekhard,66.53,66.6019,-3.39,86,4,8.3,RU,1680114988
392,surt,31.2089,16.5887,59.04,61,0,14.14,LY,1680114988
393,dawlatabad,36.4141,64.9053,65.86,55,100,3.04,AF,1680114988
394,meulaboh,4.1363,96.1285,77.13,87,18,3.27,ID,1680114989
395,jurm,36.8648,70.8342,52.77,60,100,1.5,AF,1680114989
396,nouadhibou,20.931,-17.0347,71.58,73,0,18.41,MR,1680114990
397,leninogorsk,54.6026,52.4609,35.94,86,100,14.29,RU,1680114990
398,tamworth,52.634,-1.6959,55.83,89,100,8.61,GB,1680114990
399,esil,51.9556,66.4042,31.77,87,100,17.92,KZ,1680114990
400,honiara,-9.4333,159.95,77.22,90,100,4.14,SB,1680114991
401,sisophon,13.5859,102.9737,78.12,77,94,7.78,KH,1680114991
402,thinadhoo,0.5333,72.9333,82.29,75,8,4.72,MV,1680114991
403,porlamar,10.958,-63.8491,86.09,48,14,23.02,VE,1680114991
404,dandong,40.1292,124.3947,40.24,85,0,3.29,CN,1680114991
405,kyrylivka,46.3759,35.3675,38.21,61,100,16.98,UA,1680114992
406,canutama,-6.5339,-64.3831,82.83,82,96,3.36,BR,1680114992
407,kieta,-6.2167,155.6333,77.59,88,100,2.64,PG,1680114992
408,fengrun,39.8333,118.1167,55.56,36,1,3.71,CN,1680114992
409,diffa,13.3154,12.6113,82.96,12,91,5.03,NE,1680114993
410,boa vista,2.8197,-60.6733,89.58,43,75,11.5,BR,1680114882
411,margate,51.3813,1.3862,56.7,68,100,4.0,GB,1680114918
412,bariri,-22.0744,-48.7403,93.45,62,32,3.13,BR,1680114993
413,ulaangom,49.9811,92.0667,11.95,85,83,4.18,MN,1680114993
414,victoria point,-27.5833,153.3,70.92,92,100,1.99,AU,1680114994
415,axim,4.8699,-2.2405,81.9,81,14,12.35,GH,1680114994
416,akyab,20.15,92.9,77.25,83,3,7.87,MM,1680114994
417,egvekinot,66.3167,-179.1667,14.95,88,100,7.43,RU,1680114911
418,kaeo,-35.1,173.7833,45.32,86,100,6.8,NZ,1680114995
419,the valley,18.217,-63.0578,82.26,69,20,12.66,AI,1680114996
420,tamiahua,21.2667,-97.45,75.67,66,92,9.73,MX,1680114882
421,road town,18.4167,-64.6167,84.24,54,20,10.36,VG,1680114996
422,jiazi,22.8779,116.067,65.07,87,99,11.23,CN,1680114996
423,kandrian,-6.2167,149.55,76.68,87,100,4.32,PG,1680114997
424,martapura,-3.4167,114.85,78.89,100,100,1.14,ID,1680114997
425,hermiston,45.8404,-119.2895,48.63,86,100,6.91,US,1680114997
426,luanda,-8.8368,13.2343,82.4,78,75,11.5,AO,1680114918
427,bowen,-20.0167,148.2333,76.95,83,16,1.36,AU,1680114997
428,santa ines,-3.6667,-45.38,80.46,87,99,2.91,BR,1680114997
429,berea,41.3662,-81.8543,52.12,44,100,23.02,US,1680114998
430,athabasca,54.7169,-113.2854,34.21,80,100,2.33,CA,1680114998
431,nova vicosa,-17.8919,-39.3719,82.58,56,0,9.86,BR,1680114998
432,grants pass,42.439,-123.3284,54.18,70,20,3.44,US,1680114847
433,petropavlovsk-kamchatskiy,53.0452,158.6483,18.19,63,0,4.47,RU,1680114999
434,acarau,-2.8856,-40.12,82.56,74,23,11.01,BR,1680114999
435,asau,46.4333,26.4,33.28,74,98,2.75,RO,1680114828
436,alofi,-19.0595,-169.9187,75.09,100,100,1.14,NU,1680114999
437,antofagasta,-23.65,-70.4,74.48,71,4,8.75,CL,1680114743
438,flinders,-34.5833,150.8552,60.39,78,2,1.99,AU,1680114999
439,nuuk,64.1835,-51.7216,23.61,50,15,16.11,GL,1680114991
440,angoche,-16.2325,39.9086,77.29,75,100,7.11,MZ,1680115000
441,stephenville,32.2207,-98.2023,59.94,58,100,6.91,US,1680115000
442,richards bay,-28.783,32.0377,69.31,90,100,9.01,ZA,1680115000
443,vila velha,-20.3297,-40.2925,84.15,70,20,10.36,BR,1680115000
444,hay river,60.8156,-115.7999,17.56,67,75,8.05,CA,1680114975
445,shakiso,5.75,38.9167,59.16,95,36,3.38,ET,1680115001
446,umarkhed,19.6,77.7,84.51,18,7,5.61,IN,1680115001
447,negara,-8.3151,114.6025,75.69,88,54,0.72,ID,1680115001
448,ketchikan,55.3422,-131.6461,43.27,56,20,11.5,US,1680115001
449,sao gabriel da cachoeira,-0.1303,-67.0892,78.6,94,75,2.3,BR,1680115001
450,chapais,49.7834,-74.8492,29.98,87,100,7.38,CA,1680114762
451,nosy varika,-20.5833,48.5333,74.12,86,100,1.61,MG,1680115001
452,golyshmanovo,56.3979,68.3728,26.67,75,1,5.77,RU,1680115002
453,mackay,-21.15,149.2,72.68,86,2,4.83,AU,1680115002
454,mayor pablo lagerenza,-19.9309,-60.7718,97.57,33,27,15.05,PY,1680115002
455,honningsvag,70.9821,25.9704,28.15,86,100,20.71,NO,1680115002
456,calabozo,8.9242,-67.4293,97.5,26,91,6.58,VE,1680115002
457,humaita,-7.5061,-63.0208,78.35,93,100,1.95,BR,1680115003
458,nokaneng,-19.6667,22.2667,75.63,56,96,4.54,BW,1680115003
459,yinchuan,38.4681,106.2731,54.95,25,100,4.9,CN,1680115003
460,pitkyaranta,61.5734,31.4792,26.55,96,100,12.57,RU,1680115003
461,hun,29.1268,15.9477,66.0,34,1,12.62,LY,1680115003
462,yakeshi,49.2833,120.7333,20.34,90,16,4.41,CN,1680115003
463,paamiut,61.994,-49.6678,18.91,60,16,3.49,GL,1680115004
464,nabire,-3.3667,135.4833,75.24,91,99,3.11,ID,1680115004
465,kenai,60.5544,-151.2583,31.14,92,100,3.44,US,1680114942
466,guadalupe,25.6833,-100.25,87.39,100,100,3.44,MX,1680114955
467,cavalcante,-13.7975,-47.4583,82.87,46,100,4.5,BR,1680115004
468,balsta,59.5671,17.5278,27.07,93,26,6.87,SE,1680115004
469,aracruz,-19.8203,-40.2733,83.41,67,98,6.38,BR,1680114843
470,waddan,29.1614,16.139,65.25,36,1,14.85,LY,1680115004
471,santa cruz,-17.8,-63.1667,89.65,58,40,20.71,BO,1680114959
472,berezovyy,51.6667,135.7,30.22,92,90,5.21,RU,1680115004
473,san joaquin,37.9333,-121.3011,51.96,85,100,11.5,US,1680115004
474,la brea,15.8,-85.9667,85.51,62,20,11.5,HN,1680115005
475,broome,42.2506,-75.833,53.47,40,40,12.66,US,1680115005
476,inegol,40.0781,29.5133,33.08,86,84,5.46,TR,1680115005
477,lebedinyy,58.5167,125.5167,-2.94,100,99,6.24,RU,1680115005
478,nizhniy baskunchak,48.2198,46.8311,56.3,58,93,8.59,RU,1680115005
479,okhotsk,59.3833,143.3,16.57,96,100,6.24,RU,1680115006
480,smoky lake,54.1169,-112.4686,38.12,38,100,2.3,CA,1680115006
481,america dourada,-11.4553,-41.4361,84.22,45,47,13.6,BR,1680115006
482,sioux lookout,50.1001,-91.917,17.67,45,20,16.11,CA,1680115007
483,jizan,17.3333,42.6667,81.54,59,4,4.59,SA,1680115007
484,natal,-5.795,-35.2094,86.65,65,40,13.8,BR,1680114844
485,port hardy,50.6996,-127.4199,44.6,65,40,5.75,CA,1680115007
486,leshukonskoye,64.8989,45.7622,26.33,86,100,10.45,RU,1680115007
487,chuy,-33.6971,-53.4616,83.16,45,2,7.47,UY,1680115007
488,kachug,53.9606,105.8817,29.1,96,65,1.36,RU,1680115007
489,sangre grande,10.5835,-61.1177,88.93,91,74,10.89,TT,1680115007
490,kwinana,-32.25,115.7667,73.69,44,100,1.01,AU,1680114725
491,riyadh,24.6877,46.7219,73.54,17,0,8.57,SA,1680115008
492,malanje,-9.5402,16.341,67.3,87,97,5.39,AO,1680115008
493,bilma,18.6853,12.9164,81.52,8,1,6.6,NE,1680115008
494,abong mbang,3.9833,13.1833,71.31,84,100,4.65,CM,1680115008
495,san andres,12.5847,-81.7006,86.02,58,20,17.27,CO,1680115008
496,neiafu,-18.65,-173.9833,72.28,100,40,0.0,TO,1680115008
497,male,4.1748,73.5089,84.15,79,20,5.75,MV,1680114732
498,sakaraha,-22.9,44.5333,69.53,77,0,1.45,MG,1680115008
499,encruzilhada do sul,-30.5439,-52.5219,89.26,34,94,7.7,BR,1680115008
500,esso,55.9333,158.7,0.43,95,80,5.73,RU,1680115009
501,bulungu,-4.55,18.6,71.82,93,100,1.92,CD,1680115009
502,anadyr,64.75,177.4833,19.9,100,75,11.18,RU,1680115009
503,lazaro cardenas,17.9583,-102.2,86.38,41,97,10.54,MX,1680115009
504,jawa,31.8525,35.9393,49.78,66,40,18.41,JO,1680115009
505,ponta do sol,32.6667,-17.1,76.12,34,21,2.66,PT,1680115009
506,santa luzia,-19.7697,-43.8514,86.14,45,40,9.22,BR,1680114844
507,taveta,-3.3963,37.6736,77.2,59,100,4.99,KE,1680115009
508,northam,51.0333,-4.2167,54.39,96,100,15.79,GB,1680115009
509,merauke,-8.4667,140.3333,76.87,90,98,5.79,ID,1680115009
510,yumen,40.2833,97.2,45.1,19,0,7.4,CN,1680115010
511,hualmay,-11.0964,-77.6139,80.98,66,37,10.22,PE,1680115010
512,marsh harbour,26.5412,-77.0636,77.23,73,3,14.27,BS,1680114951
513,mulege,26.8833,-111.9833,80.29,19,9,8.93,MX,1680115010
514,baniyas,35.1819,35.9487,57.49,64,100,27.67,SY,1680115010
515,amurzet,47.6967,131.0981,39.06,46,10,8.75,RU,1680115010
516,marsaxlokk,35.8419,14.5431,59.07,72,20,6.91,MT,1680115010
517,dunedin,-45.8742,170.5036,46.8,76,74,6.62,NZ,1680115010
518,port-gentil,-0.7193,8.7815,80.19,70,100,3.74,GA,1680114928
519,yarada,17.65,83.2667,82.72,83,40,5.75,IN,1680115010
520,prabumulih,-3.45,104.25,71.53,98,92,1.68,ID,1680115011
521,saint-joseph,-21.3667,55.6167,79.18,81,54,10.31,RE,1680115011
522,kyzyl-suu,42.3414,78.0056,45.64,49,95,6.87,KG,1680115011
523,diego de almagro,-26.3667,-70.05,84.96,23,0,12.8,CL,1680114754
524,iguape,-24.7081,-47.5553,81.1,73,16,9.91,BR,1680114782
525,mangrol,21.1167,70.1167,74.88,81,0,8.97,IN,1680115011
526,fortuna,40.5982,-124.1573,57.92,62,64,4.0,US,1680115011
527,monze,-16.2833,27.4833,63.99,84,13,5.19,ZM,1680115012
528,kokopo,-4.352,152.2633,76.12,84,100,3.2,PG,1680115012
529,havelock,34.8791,-76.9013,60.75,62,75,12.66,US,1680115012
530,udachnyy,66.4167,112.4,-5.53,99,100,4.52,RU,1680115012
531,kuryk,43.2,51.65,52.16,88,1,13.4,KZ,1680115012
532,broken hill,-31.95,141.4333,55.0,66,0,12.41,AU,1680115012
533,tomatlan,19.9333,-105.25,88.86,35,73,9.55,MX,1680115013
534,smithers,54.7804,-127.1743,35.92,48,20,0.0,CA,1680115013
535,kabinda,-6.1333,24.4833,67.66,94,100,3.96,CD,1680115013
536,eyl,7.9803,49.8164,81.12,72,11,7.67,SO,1680115013
